#x-axis,1
 6.875000000000e-003,-2.86489e+000
 6.880120000000e-003,-2.86489e+000
 6.885240000000e-003,-2.86489e+000
 6.890360000000e-003,-2.86489e+000
 6.895480000000e-003,-2.86489e+000
 6.900600000000e-003,-2.86489e+000
 6.905720000000e-003,-2.88016e+000
 6.910840000000e-003,-2.88016e+000
 6.915960000000e-003,-2.86489e+000
 6.921080000000e-003,-2.86489e+000
 6.926200000000e-003,-2.86489e+000
 6.931320000000e-003,-2.86489e+000
 6.936440000000e-003,-2.86489e+000
 6.941560000000e-003,-2.86489e+000
 6.946680000000e-003,-2.86489e+000
 6.951800000000e-003,-2.86489e+000
 6.956920000000e-003,-2.86489e+000
 6.962040000000e-003,-2.86489e+000
 6.967160000000e-003,-2.86489e+000
 6.972280000000e-003,-2.86489e+000
 6.977400000000e-003,-2.86489e+000
 6.982520000000e-003,-2.86489e+000
 6.987640000000e-003,-2.86489e+000
 6.992760000000e-003,-2.86489e+000
 6.997880000000e-003,-2.86489e+000
 7.003000000000e-003,-2.86489e+000
 7.008120000000e-003,-2.86489e+000
 7.013240000000e-003,-2.86489e+000
 7.018360000000e-003,-2.88016e+000
 7.023480000000e-003,-2.86489e+000
 7.028600000000e-003,-2.86489e+000
 7.033720000000e-003,-2.86489e+000
 7.038840000000e-003,-2.86489e+000
 7.043960000000e-003,-2.86489e+000
 7.049080000000e-003,-2.86489e+000
 7.054200000000e-003,-2.86489e+000
 7.059320000000e-003,-2.86489e+000
 7.064440000000e-003,-2.86489e+000
 7.069560000000e-003,-2.86489e+000
 7.074680000000e-003,-2.88016e+000
 7.079800000000e-003,-2.86489e+000
 7.084920000000e-003,-2.86489e+000
 7.090040000000e-003,-2.86489e+000
 7.095160000000e-003,-2.86489e+000
 7.100280000000e-003,-2.86489e+000
 7.105400000000e-003,-2.86489e+000
 7.110520000000e-003,-2.88016e+000
 7.115640000000e-003,-2.88016e+000
 7.120760000000e-003,-2.86489e+000
 7.125880000000e-003,-2.86489e+000
 7.131000000000e-003,-2.86489e+000
 7.136120000000e-003,-2.86489e+000
 7.141240000000e-003,-2.86489e+000
 7.146360000000e-003,-2.86489e+000
 7.151480000000e-003,-2.86489e+000
 7.156600000000e-003,-2.86489e+000
 7.161720000000e-003,-2.86489e+000
 7.166840000000e-003,-2.86489e+000
 7.171960000000e-003,-2.86489e+000
 7.177080000000e-003,-2.86489e+000
 7.182200000000e-003,-2.86489e+000
 7.187320000000e-003,-2.86489e+000
 7.192440000000e-003,-2.88016e+000
 7.197560000000e-003,-2.86489e+000
 7.202680000000e-003,-2.86489e+000
 7.207800000000e-003,-2.86489e+000
 7.212920000000e-003,-2.86489e+000
 7.218040000000e-003,-2.86489e+000
 7.223160000000e-003,-2.86489e+000
 7.228280000000e-003,-2.86489e+000
 7.233400000000e-003,-2.86489e+000
 7.238520000000e-003,-2.88016e+000
 7.243640000000e-003,-2.86489e+000
 7.248760000000e-003,-2.88016e+000
 7.253880000000e-003,-2.86489e+000
 7.259000000000e-003,-2.86489e+000
 7.264120000000e-003,-2.86489e+000
 7.269240000000e-003,-2.86489e+000
 7.274360000000e-003,-2.86489e+000
 7.279480000000e-003,-2.88016e+000
 7.284600000000e-003,-2.88016e+000
 7.289720000000e-003,-2.88016e+000
 7.294840000000e-003,-2.88016e+000
 7.299960000000e-003,-2.88016e+000
 7.305080000000e-003,-2.86489e+000
 7.310200000000e-003,-2.84961e+000
 7.315320000000e-003,-2.86489e+000
 7.320440000000e-003,-2.86489e+000
 7.325560000000e-003,-2.86489e+000
 7.330680000000e-003,-2.86489e+000
 7.335800000000e-003,-2.86489e+000
 7.340920000000e-003,-2.86489e+000
 7.346040000000e-003,-2.86489e+000
 7.351160000000e-003,-2.86489e+000
 7.356280000000e-003,-2.86489e+000
 7.361400000000e-003,-2.86489e+000
 7.366520000000e-003,-2.86489e+000
 7.371640000000e-003,-2.86489e+000
 7.376760000000e-003,-2.86489e+000
 7.381880000000e-003,-2.86489e+000
 7.387000000000e-003,-2.86489e+000
 7.392120000000e-003,-2.88016e+000
 7.397240000000e-003,-2.86489e+000
 7.402360000000e-003,-2.86489e+000
 7.407480000000e-003,-2.86489e+000
 7.412600000000e-003,-2.86489e+000
 7.417720000000e-003,-2.86489e+000
 7.422840000000e-003,-2.86489e+000
 7.427960000000e-003,-2.86489e+000
 7.433080000000e-003,-2.86489e+000
 7.438200000000e-003,-2.86489e+000
 7.443320000000e-003,-2.86489e+000
 7.448440000000e-003,-2.86489e+000
 7.453560000000e-003,-2.86489e+000
 7.458680000000e-003,-2.86489e+000
 7.463800000000e-003,-2.86489e+000
 7.468920000000e-003,-2.86489e+000
 7.474040000000e-003,-2.86489e+000
 7.479160000000e-003,-2.86489e+000
 7.484280000000e-003,-2.86489e+000
 7.489400000000e-003,-2.86489e+000
 7.494520000000e-003,-2.86489e+000
 7.499640000000e-003,-2.86489e+000
 7.504760000000e-003,-2.88016e+000
 7.509880000000e-003,-2.86489e+000
 7.515000000000e-003,-2.86489e+000
 7.520120000000e-003,-2.86489e+000
 7.525240000000e-003,-2.86489e+000
 7.530360000000e-003,-2.88016e+000
 7.535480000000e-003,-2.88016e+000
 7.540600000000e-003,-2.86489e+000
 7.545720000000e-003,-2.88016e+000
 7.550840000000e-003,-2.86489e+000
 7.555960000000e-003,-2.86489e+000
 7.561080000000e-003,-2.86489e+000
 7.566200000000e-003,-2.86489e+000
 7.571320000000e-003,-2.86489e+000
 7.576440000000e-003,-2.86489e+000
 7.581560000000e-003,-2.86489e+000
 7.586680000000e-003,-2.86489e+000
 7.591800000000e-003,-2.86489e+000
 7.596920000000e-003,-2.86489e+000
 7.602040000000e-003,-2.86489e+000
 7.607160000000e-003,-2.86489e+000
 7.612280000000e-003,-2.88016e+000
 7.617400000000e-003,-2.86489e+000
 7.622520000000e-003,-2.86489e+000
 7.627640000000e-003,-2.86489e+000
 7.632760000000e-003,-2.86489e+000
 7.637880000000e-003,-2.86489e+000
 7.643000000000e-003,-2.88016e+000
 7.648120000000e-003,-2.88016e+000
 7.653240000000e-003,-2.86489e+000
 7.658360000000e-003,-2.86489e+000
 7.663480000000e-003,-2.86489e+000
 7.668600000000e-003,-2.86489e+000
 7.673720000000e-003,-2.86489e+000
 7.678840000000e-003,-2.86489e+000
 7.683960000000e-003,-2.86489e+000
 7.689080000000e-003,-2.86489e+000
 7.694200000000e-003,-2.86489e+000
 7.699320000000e-003,-2.88016e+000
 7.704440000000e-003,-2.86489e+000
 7.709560000000e-003,-2.86489e+000
 7.714680000000e-003,-2.86489e+000
 7.719800000000e-003,-2.86489e+000
 7.724920000000e-003,-2.86489e+000
 7.730040000000e-003,-2.86489e+000
 7.735160000000e-003,-2.86489e+000
 7.740280000000e-003,-2.88016e+000
 7.745400000000e-003,-2.86489e+000
 7.750520000000e-003,-2.86489e+000
 7.755640000000e-003,-2.86489e+000
 7.760760000000e-003,-2.86489e+000
 7.765880000000e-003,-2.86489e+000
 7.771000000000e-003,-2.86489e+000
 7.776120000000e-003,-2.86489e+000
 7.781240000000e-003,-2.86489e+000
 7.786360000000e-003,-2.86489e+000
 7.791480000000e-003,-2.86489e+000
 7.796600000000e-003,-2.86489e+000
 7.801720000000e-003,-2.88016e+000
 7.806840000000e-003,-2.86489e+000
 7.811960000000e-003,-2.88016e+000
 7.817080000000e-003,-2.86489e+000
 7.822200000000e-003,-2.86489e+000
 7.827320000000e-003,-2.86489e+000
 7.832440000000e-003,-2.86489e+000
 7.837560000000e-003,-2.86489e+000
 7.842680000000e-003,-2.86489e+000
 7.847800000000e-003,-2.86489e+000
 7.852920000000e-003,-2.86489e+000
 7.858040000000e-003,-2.86489e+000
 7.863160000000e-003,-2.86489e+000
 7.868280000000e-003,-2.86489e+000
 7.873400000000e-003,-2.86489e+000
 7.878520000000e-003,-2.86489e+000
 7.883640000000e-003,-2.88016e+000
 7.888760000000e-003,-2.86489e+000
 7.893880000000e-003,-2.86489e+000
 7.899000000000e-003,-2.88016e+000
 7.904120000000e-003,-2.86489e+000
 7.909240000000e-003,-2.86489e+000
 7.914360000000e-003,-2.86489e+000
 7.919480000000e-003,-2.88016e+000
 7.924600000000e-003,-2.86489e+000
 7.929720000000e-003,-2.86489e+000
 7.934840000000e-003,-2.86489e+000
 7.939960000000e-003,-2.86489e+000
 7.945080000000e-003,-2.86489e+000
 7.950200000000e-003,-2.86489e+000
 7.955320000000e-003,-2.86489e+000
 7.960440000000e-003,-2.88016e+000
 7.965560000000e-003,-2.86489e+000
 7.970680000000e-003,-2.86489e+000
 7.975800000000e-003,-2.86489e+000
 7.980920000000e-003,-2.88016e+000
 7.986040000000e-003,-2.86489e+000
 7.991160000000e-003,-2.88016e+000
 7.996280000000e-003,-2.88016e+000
 8.001400000000e-003,-2.86489e+000
 8.006520000000e-003,-2.86489e+000
 8.011640000000e-003,-2.86489e+000
 8.016760000000e-003,-2.86489e+000
 8.021880000000e-003,-2.86489e+000
 8.027000000000e-003,-2.86489e+000
 8.032120000000e-003,-2.86489e+000
 8.037240000000e-003,-2.86489e+000
 8.042360000000e-003,-2.86489e+000
 8.047480000000e-003,-2.86489e+000
 8.052600000000e-003,-2.88016e+000
 8.057720000000e-003,-2.86489e+000
 8.062840000000e-003,-2.86489e+000
 8.067960000000e-003,-2.86489e+000
 8.073080000000e-003,-2.86489e+000
 8.078200000000e-003,-2.86489e+000
 8.083320000000e-003,-2.86489e+000
 8.088440000000e-003,-2.86489e+000
 8.093560000000e-003,-2.86489e+000
 8.098680000000e-003,-2.86489e+000
 8.103800000000e-003,-2.86489e+000
 8.108920000000e-003,-2.86489e+000
 8.114040000000e-003,-2.88016e+000
 8.119160000000e-003,-2.86489e+000
 8.124280000000e-003,-2.86489e+000
 8.129400000000e-003,-2.86489e+000
 8.134520000000e-003,-2.86489e+000
 8.139640000000e-003,-2.86489e+000
 8.144760000000e-003,-2.86489e+000
 8.149880000000e-003,-2.86489e+000
 8.155000000000e-003,-2.86489e+000
 8.160120000000e-003,-2.86489e+000
 8.165240000000e-003,-2.86489e+000
 8.170360000000e-003,-2.88016e+000
 8.175480000000e-003,-2.86489e+000
 8.180600000000e-003,-2.86489e+000
 8.185720000000e-003,-2.86489e+000
 8.190840000000e-003,-2.84961e+000
 8.195960000000e-003,-2.84961e+000
 8.201080000000e-003,-2.86489e+000
 8.206200000000e-003,-2.86489e+000
 8.211320000000e-003,-2.86489e+000
 8.216440000000e-003,-2.86489e+000
 8.221560000000e-003,-2.86489e+000
 8.226680000000e-003,-2.86489e+000
 8.231800000000e-003,-2.86489e+000
 8.236920000000e-003,-2.86489e+000
 8.242040000000e-003,-2.86489e+000
 8.247160000000e-003,-2.88016e+000
 8.252280000000e-003,-2.86489e+000
 8.257400000000e-003,-2.86489e+000
 8.262520000000e-003,-2.88016e+000
 8.267640000000e-003,-2.86489e+000
 8.272760000000e-003,-2.86489e+000
 8.277880000000e-003,-2.86489e+000
 8.283000000000e-003,-2.86489e+000
 8.288120000000e-003,-2.86489e+000
 8.293240000000e-003,-2.88016e+000
 8.298360000000e-003,-2.86489e+000
 8.303480000000e-003,-2.86489e+000
 8.308600000000e-003,-2.86489e+000
 8.313720000000e-003,-2.86489e+000
 8.318840000000e-003,-2.86489e+000
 8.323960000000e-003,-2.86489e+000
 8.329080000000e-003,-2.86489e+000
 8.334200000000e-003,-2.86489e+000
 8.339320000000e-003,-2.86489e+000
 8.344440000000e-003,-2.86489e+000
 8.349560000000e-003,-2.86489e+000
 8.354680000000e-003,-2.86489e+000
 8.359800000000e-003,-2.86489e+000
 8.364920000000e-003,-2.86489e+000
 8.370040000000e-003,-2.86489e+000
 8.375160000000e-003,-2.86489e+000
 8.380280000000e-003,-2.86489e+000
 8.385400000000e-003,-2.86489e+000
 8.390520000000e-003,-2.86489e+000
 8.395640000000e-003,-2.86489e+000
 8.400760000000e-003,-2.86489e+000
 8.405880000000e-003,-2.88016e+000
 8.411000000000e-003,-2.86489e+000
 8.416120000000e-003,-2.86489e+000
 8.421240000000e-003,-2.86489e+000
 8.426360000000e-003,-2.86489e+000
 8.431480000000e-003,-2.86489e+000
 8.436600000000e-003,-2.88016e+000
 8.441720000000e-003,-2.86489e+000
 8.446840000000e-003,-2.86489e+000
 8.451960000000e-003,-2.86489e+000
 8.457080000000e-003,-2.88016e+000
 8.462200000000e-003,-2.86489e+000
 8.467320000000e-003,-2.86489e+000
 8.472440000000e-003,-2.86489e+000
 8.477560000000e-003,-2.86489e+000
 8.482680000000e-003,-2.88016e+000
 8.487800000000e-003,-2.86489e+000
 8.492920000000e-003,-2.86489e+000
 8.498040000000e-003,-2.86489e+000
 8.503160000000e-003,-2.86489e+000
 8.508280000000e-003,-2.86489e+000
 8.513400000000e-003,-2.86489e+000
 8.518520000000e-003,-2.86489e+000
 8.523640000000e-003,-2.86489e+000
 8.528760000000e-003,-2.86489e+000
 8.533880000000e-003,-2.86489e+000
 8.539000000000e-003,-2.88016e+000
 8.544120000000e-003,-2.86489e+000
 8.549240000000e-003,-2.86489e+000
 8.554360000000e-003,-2.86489e+000
 8.559480000000e-003,-2.86489e+000
 8.564600000000e-003,-2.86489e+000
 8.569720000000e-003,-2.86489e+000
 8.574840000000e-003,-2.86489e+000
 8.579960000000e-003,-2.86489e+000
 8.585080000000e-003,-2.86489e+000
 8.590200000000e-003,-2.86489e+000
 8.595320000000e-003,-2.86489e+000
 8.600440000000e-003,-2.88016e+000
 8.605560000000e-003,-2.86489e+000
 8.610680000000e-003,-2.86489e+000
 8.615800000000e-003,-2.86489e+000
 8.620920000000e-003,-2.86489e+000
 8.626040000000e-003,-2.86489e+000
 8.631160000000e-003,-2.86489e+000
 8.636280000000e-003,-2.86489e+000
 8.641400000000e-003,-2.88016e+000
 8.646520000000e-003,-2.86489e+000
 8.651640000000e-003,-2.86489e+000
 8.656760000000e-003,-2.86489e+000
 8.661880000000e-003,-2.88016e+000
 8.667000000000e-003,-2.86489e+000
 8.672120000000e-003,-2.86489e+000
 8.677240000000e-003,-2.86489e+000
 8.682360000000e-003,-2.86489e+000
 8.687480000000e-003,-2.86489e+000
 8.692600000000e-003,-2.86489e+000
 8.697720000000e-003,-2.86489e+000
 8.702840000000e-003,-2.88016e+000
 8.707960000000e-003,-2.86489e+000
 8.713080000000e-003,-2.86489e+000
 8.718200000000e-003,-2.86489e+000
 8.723320000000e-003,-2.86489e+000
 8.728440000000e-003,-2.86489e+000
 8.733560000000e-003,-2.86489e+000
 8.738680000000e-003,-2.86489e+000
 8.743800000000e-003,-2.88016e+000
 8.748920000000e-003,-2.88016e+000
 8.754040000000e-003,-2.86489e+000
 8.759160000000e-003,-2.88016e+000
 8.764280000000e-003,-2.86489e+000
 8.769400000000e-003,-2.88016e+000
 8.774520000000e-003,-2.86489e+000
 8.779640000000e-003,-2.86489e+000
 8.784760000000e-003,-2.86489e+000
 8.789880000000e-003,-2.86489e+000
 8.795000000000e-003,-2.86489e+000
 8.800120000000e-003,-2.86489e+000
 8.805240000000e-003,-2.86489e+000
 8.810360000000e-003,-2.86489e+000
 8.815480000000e-003,-2.86489e+000
 8.820600000000e-003,-2.86489e+000
 8.825720000000e-003,-2.86489e+000
 8.830840000000e-003,-2.86489e+000
 8.835960000000e-003,-2.86489e+000
 8.841080000000e-003,-2.88016e+000
 8.846200000000e-003,-2.88016e+000
 8.851320000000e-003,-2.86489e+000
 8.856440000000e-003,-2.88016e+000
 8.861560000000e-003,-2.86489e+000
 8.866680000000e-003,-2.86489e+000
 8.871800000000e-003,-2.86489e+000
 8.876920000000e-003,-2.86489e+000
 8.882040000000e-003,-2.86489e+000
 8.887160000000e-003,-2.86489e+000
 8.892280000000e-003,-2.86489e+000
 8.897400000000e-003,-2.86489e+000
 8.902520000000e-003,-2.86489e+000
 8.907640000000e-003,-2.86489e+000
 8.912760000000e-003,-2.86489e+000
 8.917880000000e-003,-2.88016e+000
 8.923000000000e-003,-3.01765e+000
 8.928120000000e-003,-3.00237e+000
 8.933240000000e-003,-3.00237e+000
 8.938360000000e-003,-2.97182e+000
 8.943480000000e-003,-3.00237e+000
 8.948600000000e-003,-3.00237e+000
 8.953720000000e-003,-2.98710e+000
 8.958840000000e-003,-3.00237e+000
 8.963960000000e-003,-2.98710e+000
 8.969080000000e-003,-3.00237e+000
 8.974200000000e-003,-2.98710e+000
 8.979320000000e-003,-2.98710e+000
 8.984440000000e-003,-3.00237e+000
 8.989560000000e-003,-3.00237e+000
 8.994680000000e-003,-3.00237e+000
 8.999800000000e-003,-3.00237e+000
 9.004920000000e-003,-2.98710e+000
 9.010040000000e-003,-2.98710e+000
 9.015160000000e-003,-3.00237e+000
 9.020280000000e-003,-3.01765e+000
 9.025400000000e-003,-3.00237e+000
 9.030520000000e-003,-2.92599e+000
 9.035640000000e-003,-2.92599e+000
 9.040760000000e-003,-2.92599e+000
 9.045880000000e-003,-2.92599e+000
 9.051000000000e-003,-2.92599e+000
 9.056120000000e-003,-2.92599e+000
 9.061240000000e-003,-2.94127e+000
 9.066360000000e-003,-2.94127e+000
 9.071480000000e-003,-2.92599e+000
 9.076600000000e-003,-2.94127e+000
 9.081720000000e-003,-2.91072e+000
 9.086840000000e-003,-2.92599e+000
 9.091960000000e-003,-2.92599e+000
 9.097080000000e-003,-2.92599e+000
 9.102200000000e-003,-2.92599e+000
 9.107320000000e-003,-2.92599e+000
 9.112440000000e-003,-2.92599e+000
 9.117560000000e-003,-2.92599e+000
 9.122680000000e-003,-2.92599e+000
 9.127800000000e-003,-2.92599e+000
 9.132920000000e-003,-2.94127e+000
 9.138040000000e-003,-2.94127e+000
 9.143160000000e-003,-2.92599e+000
 9.148280000000e-003,-2.92599e+000
 9.153400000000e-003,-2.94127e+000
 9.158520000000e-003,-2.94127e+000
 9.163640000000e-003,-2.94127e+000
 9.168760000000e-003,-2.94127e+000
 9.173880000000e-003,-2.94127e+000
 9.179000000000e-003,-2.94127e+000
 9.184120000000e-003,-2.94127e+000
 9.189240000000e-003,-2.94127e+000
 9.194360000000e-003,-2.94127e+000
 9.199480000000e-003,-2.94127e+000
 9.204600000000e-003,-2.92599e+000
 9.209720000000e-003,-2.95655e+000
 9.214840000000e-003,-2.92599e+000
 9.219960000000e-003,-2.94127e+000
 9.225080000000e-003,-2.94127e+000
 9.230200000000e-003,-2.94127e+000
 9.235320000000e-003,-2.94127e+000
 9.240440000000e-003,-2.94127e+000
 9.245560000000e-003,-2.94127e+000
 9.250680000000e-003,-2.94127e+000
 9.255800000000e-003,-2.94127e+000
 9.260920000000e-003,-2.94127e+000
 9.266040000000e-003,-2.94127e+000
 9.271160000000e-003,-2.94127e+000
 9.276280000000e-003,-2.92599e+000
 9.281400000000e-003,-2.94127e+000
 9.286520000000e-003,-2.94127e+000
 9.291640000000e-003,-2.92599e+000
 9.296760000000e-003,-2.94127e+000
 9.301880000000e-003,-2.92599e+000
 9.307000000000e-003,-2.92599e+000
 9.312120000000e-003,-2.94127e+000
 9.317240000000e-003,-2.94127e+000
 9.322360000000e-003,-2.92599e+000
 9.327480000000e-003,-2.92599e+000
 9.332600000000e-003,-2.92599e+000
 9.337720000000e-003,-2.92599e+000
 9.342840000000e-003,-2.92599e+000
 9.347960000000e-003,-2.92599e+000
 9.353080000000e-003,-2.92599e+000
 9.358200000000e-003,-2.92599e+000
 9.363320000000e-003,-2.92599e+000
 9.368440000000e-003,-2.92599e+000
 9.373560000000e-003,-2.91072e+000
 9.378680000000e-003,-2.91072e+000
 9.383800000000e-003,-2.92599e+000
 9.388920000000e-003,-2.89544e+000
 9.394040000000e-003,-2.91072e+000
 9.399160000000e-003,-2.91072e+000
 9.404280000000e-003,-2.91072e+000
 9.409400000000e-003,-2.89544e+000
 9.414520000000e-003,-2.89544e+000
 9.419640000000e-003,-2.88016e+000
 9.424760000000e-003,-2.89544e+000
 9.429880000000e-003,-2.88016e+000
 9.435000000000e-003,-2.89544e+000
 9.440120000000e-003,-2.92599e+000
 9.445240000000e-003,-2.89544e+000
 9.450360000000e-003,-2.88016e+000
 9.455480000000e-003,-2.92599e+000
 9.460600000000e-003,-2.89544e+000
 9.465720000000e-003,-2.89544e+000
 9.470840000000e-003,-2.89544e+000
 9.475960000000e-003,-2.86489e+000
 9.481080000000e-003,-2.86489e+000
 9.486200000000e-003,-2.86489e+000
 9.491320000000e-003,-2.88016e+000
 9.496440000000e-003,-2.88016e+000
 9.501560000000e-003,-2.88016e+000
 9.506680000000e-003,-2.88016e+000
 9.511800000000e-003,-2.88016e+000
 9.516920000000e-003,-2.88016e+000
 9.522040000000e-003,-2.88016e+000
 9.527160000000e-003,-2.88016e+000
 9.532280000000e-003,-2.88016e+000
 9.537400000000e-003,-2.88016e+000
 9.542520000000e-003,-2.89544e+000
 9.547640000000e-003,-2.88016e+000
 9.552760000000e-003,-2.86489e+000
 9.557880000000e-003,-2.88016e+000
 9.563000000000e-003,-2.84961e+000
 9.568120000000e-003,-2.89544e+000
 9.573240000000e-003,-2.88016e+000
 9.578360000000e-003,-2.86489e+000
 9.583480000000e-003,-2.89544e+000
 9.588600000000e-003,-2.89544e+000
 9.593720000000e-003,-2.88016e+000
 9.598840000000e-003,-2.88016e+000
 9.603960000000e-003,-2.86489e+000
 9.609080000000e-003,-2.84961e+000
 9.614200000000e-003,-2.86489e+000
 9.619320000000e-003,-2.83433e+000
 9.624440000000e-003,-2.84961e+000
 9.629560000000e-003,-2.88016e+000
 9.634680000000e-003,-2.88016e+000
 9.639800000000e-003,-2.88016e+000
 9.644920000000e-003,-2.84961e+000
 9.650040000000e-003,-2.88016e+000
 9.655160000000e-003,-2.89544e+000
 9.660280000000e-003,-2.84961e+000
 9.665400000000e-003,-2.84961e+000
 9.670520000000e-003,-2.88016e+000
 9.675640000000e-003,-2.84961e+000
 9.680760000000e-003,-2.84961e+000
 9.685880000000e-003,-2.86489e+000
 9.691000000000e-003,-2.86489e+000
 9.696120000000e-003,-2.84961e+000
 9.701240000000e-003,-2.86489e+000
 9.706360000000e-003,-2.89544e+000
 9.711480000000e-003,-2.89544e+000
 9.716600000000e-003,-2.88016e+000
 9.721720000000e-003,-2.91072e+000
 9.726840000000e-003,-2.91072e+000
 9.731960000000e-003,-2.89544e+000
 9.737080000000e-003,-2.91072e+000
 9.742200000000e-003,-2.91072e+000
 9.747320000000e-003,-2.89544e+000
 9.752440000000e-003,-2.91072e+000
 9.757560000000e-003,-2.91072e+000
 9.762680000000e-003,-2.89544e+000
 9.767800000000e-003,-2.89544e+000
 9.772920000000e-003,-2.88016e+000
 9.778040000000e-003,-2.86489e+000
 9.783160000000e-003,-2.89544e+000
 9.788280000000e-003,-2.89544e+000
 9.793400000000e-003,-2.89544e+000
 9.798520000000e-003,-2.89544e+000
 9.803640000000e-003,-2.91072e+000
 9.808760000000e-003,-2.88016e+000
 9.813880000000e-003,-2.94127e+000
 9.819000000000e-003,-2.91072e+000
 9.824120000000e-003,-2.91072e+000
 9.829240000000e-003,-2.92599e+000
 9.834360000000e-003,-2.91072e+000
 9.839480000000e-003,-2.92599e+000
 9.844600000000e-003,-2.91072e+000
 9.849720000000e-003,-2.92599e+000
 9.854840000000e-003,-2.92599e+000
 9.859960000000e-003,-2.92599e+000
 9.865080000000e-003,-2.92599e+000
 9.870200000000e-003,-2.94127e+000
 9.875320000000e-003,-2.92599e+000
 9.880440000000e-003,-2.94127e+000
 9.885560000000e-003,-2.94127e+000
 9.890680000000e-003,-2.94127e+000
 9.895800000000e-003,-2.92599e+000
 9.900920000000e-003,-2.94127e+000
 9.906040000000e-003,-2.92599e+000
 9.911160000000e-003,-2.94127e+000
 9.916280000000e-003,-2.95655e+000
 9.921400000000e-003,-2.95655e+000
 9.926520000000e-003,-2.94127e+000
 9.931640000000e-003,-2.94127e+000
 9.936760000000e-003,-2.94127e+000
 9.941880000000e-003,-2.94127e+000
 9.947000000000e-003,-2.95655e+000
 9.952120000000e-003,-2.92599e+000
 9.957240000000e-003,-2.94127e+000
 9.962360000000e-003,-2.94127e+000
 9.967480000000e-003,-2.92599e+000
 9.972600000000e-003,-2.92599e+000
 9.977720000000e-003,-2.91072e+000
 9.982840000000e-003,-2.91072e+000
 9.987960000000e-003,-2.91072e+000
 9.993080000000e-003,-2.91072e+000
 9.998200000000e-003,-2.92599e+000
 1.000332000000e-002,-2.91072e+000
 1.000844000000e-002,-2.91072e+000
 1.001356000000e-002,-2.89544e+000
 1.001868000000e-002,-2.91072e+000
 1.002380000000e-002,-2.89544e+000
 1.002892000000e-002,-2.89544e+000
 1.003404000000e-002,-2.89544e+000
 1.003916000000e-002,-2.89544e+000
 1.004428000000e-002,-2.89544e+000
 1.004940000000e-002,-2.91072e+000
 1.005452000000e-002,-2.91072e+000
 1.005964000000e-002,-2.89544e+000
 1.006476000000e-002,-2.91072e+000
 1.006988000000e-002,-2.91072e+000
 1.007500000000e-002,-2.88016e+000
 1.008012000000e-002,-2.89544e+000
 1.008524000000e-002,-2.91072e+000
 1.009036000000e-002,-2.89544e+000
 1.009548000000e-002,-2.88016e+000
 1.010060000000e-002,-2.89544e+000
 1.010572000000e-002,-2.89544e+000
 1.011084000000e-002,-2.86489e+000
 1.011596000000e-002,-2.88016e+000
 1.012108000000e-002,-2.89544e+000
 1.012620000000e-002,-2.84961e+000
 1.013132000000e-002,-2.86489e+000
 1.013644000000e-002,-2.86489e+000
 1.014156000000e-002,-2.86489e+000
 1.014668000000e-002,-2.83433e+000
 1.015180000000e-002,-2.81906e+000
 1.015692000000e-002,-2.88016e+000
 1.016204000000e-002,-2.86489e+000
 1.016716000000e-002,-2.84961e+000
 1.017228000000e-002,-2.86489e+000
 1.017740000000e-002,-2.88016e+000
 1.018252000000e-002,-2.84961e+000
 1.018764000000e-002,-2.83433e+000
 1.019276000000e-002,-2.86489e+000
 1.019788000000e-002,-2.86489e+000
 1.020300000000e-002,-2.81906e+000
 1.020812000000e-002,-2.80378e+000
 1.021324000000e-002,-2.80378e+000
 1.021836000000e-002,-2.78851e+000
 1.022348000000e-002,-2.78851e+000
 1.022860000000e-002,-2.80378e+000
 1.023372000000e-002,-2.78851e+000
 1.023884000000e-002,-2.78851e+000
 1.024396000000e-002,-2.77323e+000
 1.024908000000e-002,-2.74268e+000
 1.025420000000e-002,-2.72740e+000
 1.025932000000e-002,-2.81906e+000
 1.026444000000e-002,-2.78851e+000
 1.026956000000e-002,-2.74268e+000
 1.027468000000e-002,-2.72740e+000
 1.027980000000e-002,-2.74268e+000
 1.028492000000e-002,-2.80378e+000
 1.029004000000e-002,-2.80378e+000
 1.029516000000e-002,-2.81906e+000
 1.030028000000e-002,-2.83433e+000
 1.030540000000e-002,-2.84961e+000
 1.031052000000e-002,-2.83433e+000
 1.031564000000e-002,-2.77323e+000
 1.032076000000e-002,-2.83433e+000
 1.032588000000e-002,-2.77323e+000
 1.033100000000e-002,-2.77323e+000
 1.033612000000e-002,-2.77323e+000
 1.034124000000e-002,-2.78851e+000
 1.034636000000e-002,-2.80378e+000
 1.035148000000e-002,-2.80378e+000
 1.035660000000e-002,-2.77323e+000
 1.036172000000e-002,-2.78851e+000
 1.036684000000e-002,-2.81906e+000
 1.037196000000e-002,-2.80378e+000
 1.037708000000e-002,-2.81906e+000
 1.038220000000e-002,-2.78851e+000
 1.038732000000e-002,-2.78851e+000
 1.039244000000e-002,-2.75795e+000
 1.039756000000e-002,-2.78851e+000
 1.040268000000e-002,-2.81906e+000
 1.040780000000e-002,-2.80378e+000
 1.041292000000e-002,-2.81906e+000
 1.041804000000e-002,-2.81906e+000
 1.042316000000e-002,-2.81906e+000
 1.042828000000e-002,-2.80378e+000
 1.043340000000e-002,-2.81906e+000
 1.043852000000e-002,-2.81906e+000
 1.044364000000e-002,-2.83433e+000
 1.044876000000e-002,-2.80378e+000
 1.045388000000e-002,-2.80378e+000
 1.045900000000e-002,-2.80378e+000
 1.046412000000e-002,-2.81906e+000
 1.046924000000e-002,-2.84961e+000
 1.047436000000e-002,-2.84961e+000
 1.047948000000e-002,-2.84961e+000
 1.048460000000e-002,-2.84961e+000
 1.048972000000e-002,-2.83433e+000
 1.049484000000e-002,-2.80378e+000
 1.049996000000e-002,-2.84961e+000
 1.050508000000e-002,-2.84961e+000
 1.051020000000e-002,-2.86489e+000
 1.051532000000e-002,-2.89544e+000
 1.052044000000e-002,-2.83433e+000
 1.052556000000e-002,-2.84961e+000
 1.053068000000e-002,-2.86489e+000
 1.053580000000e-002,-2.86489e+000
 1.054092000000e-002,-2.86489e+000
 1.054604000000e-002,-2.86489e+000
 1.055116000000e-002,-2.86489e+000
 1.055628000000e-002,-2.86489e+000
 1.056140000000e-002,-2.86489e+000
 1.056652000000e-002,-2.81906e+000
 1.057164000000e-002,-2.81906e+000
 1.057676000000e-002,-2.86489e+000
 1.058188000000e-002,-2.86489e+000
 1.058700000000e-002,-2.84961e+000
 1.059212000000e-002,-2.84961e+000
 1.059724000000e-002,-2.88016e+000
 1.060236000000e-002,-2.83433e+000
 1.060748000000e-002,-2.84961e+000
 1.061260000000e-002,-2.86489e+000
 1.061772000000e-002,-2.86489e+000
 1.062284000000e-002,-2.86489e+000
 1.062796000000e-002,-2.88016e+000
 1.063308000000e-002,-2.86489e+000
 1.063820000000e-002,-2.81906e+000
 1.064332000000e-002,-2.83433e+000
 1.064844000000e-002,-2.78851e+000
 1.065356000000e-002,-2.83433e+000
 1.065868000000e-002,-2.86489e+000
 1.066380000000e-002,-2.78851e+000
 1.066892000000e-002,-2.77323e+000
 1.067404000000e-002,-2.72740e+000
 1.067916000000e-002,-2.75795e+000
 1.068428000000e-002,-2.77323e+000
 1.068940000000e-002,-2.78851e+000
 1.069452000000e-002,-2.77323e+000
 1.069964000000e-002,-2.78851e+000
 1.070476000000e-002,-2.81906e+000
 1.070988000000e-002,-2.83433e+000
 1.071500000000e-002,-2.84961e+000
 1.072012000000e-002,-2.80378e+000
 1.072524000000e-002,-2.83433e+000
 1.073036000000e-002,-2.77323e+000
 1.073548000000e-002,-2.72740e+000
 1.074060000000e-002,-2.72740e+000
 1.074572000000e-002,-2.80378e+000
 1.075084000000e-002,-2.68157e+000
 1.075596000000e-002,-2.69685e+000
 1.076108000000e-002,-2.69685e+000
 1.076620000000e-002,-2.68157e+000
 1.077132000000e-002,-2.69685e+000
 1.077644000000e-002,-2.71212e+000
 1.078156000000e-002,-2.71212e+000
 1.078668000000e-002,-2.72740e+000
 1.079180000000e-002,-2.60519e+000
 1.079692000000e-002,-2.65102e+000
 1.080204000000e-002,-2.55936e+000
 1.080716000000e-002,-2.65102e+000
 1.081228000000e-002,-2.58991e+000
 1.081740000000e-002,-2.51353e+000
 1.082252000000e-002,-2.60519e+000
 1.082764000000e-002,-2.60519e+000
 1.083276000000e-002,-2.58991e+000
 1.083788000000e-002,-2.63574e+000
 1.084300000000e-002,-2.60519e+000
 1.084812000000e-002,-2.49825e+000
 1.085324000000e-002,-2.58991e+000
 1.085836000000e-002,-2.58991e+000
 1.086348000000e-002,-2.52881e+000
 1.086860000000e-002,-2.48298e+000
 1.087372000000e-002,-2.42187e+000
 1.087884000000e-002,-2.49825e+000
 1.088396000000e-002,-2.52881e+000
 1.088908000000e-002,-2.63574e+000
 1.089420000000e-002,-2.55936e+000
 1.089932000000e-002,-2.43715e+000
 1.090444000000e-002,-2.37604e+000
 1.090956000000e-002,-2.45242e+000
 1.091468000000e-002,-2.45242e+000
 1.091980000000e-002,-2.49825e+000
 1.092492000000e-002,-2.51353e+000
 1.093004000000e-002,-2.46770e+000
 1.093516000000e-002,-2.45242e+000
 1.094028000000e-002,-2.43715e+000
 1.094540000000e-002,-2.39132e+000
 1.095052000000e-002,-2.45242e+000
 1.095564000000e-002,-2.36077e+000
 1.096076000000e-002,-2.51353e+000
 1.096588000000e-002,-2.52881e+000
 1.097100000000e-002,-2.49825e+000
 1.097612000000e-002,-2.40660e+000
 1.098124000000e-002,-2.37604e+000
 1.098636000000e-002,-2.33021e+000
 1.099148000000e-002,-2.36077e+000
 1.099660000000e-002,-2.42187e+000
 1.100172000000e-002,-2.55936e+000
 1.100684000000e-002,-2.57464e+000
 1.101196000000e-002,-2.43715e+000
 1.101708000000e-002,-2.40660e+000
 1.102220000000e-002,-2.52881e+000
 1.102732000000e-002,-2.49825e+000
 1.103244000000e-002,-2.58991e+000
 1.103756000000e-002,-2.54408e+000
 1.104268000000e-002,-2.52881e+000
 1.104780000000e-002,-2.48298e+000
 1.105292000000e-002,-2.49825e+000
 1.105804000000e-002,-2.51353e+000
 1.106316000000e-002,-2.52881e+000
 1.106828000000e-002,-2.39132e+000
 1.107340000000e-002,-2.40660e+000
 1.107852000000e-002,-2.51353e+000
 1.108364000000e-002,-2.54408e+000
 1.108876000000e-002,-2.57464e+000
 1.109388000000e-002,-2.54408e+000
 1.109900000000e-002,-2.57464e+000
 1.110412000000e-002,-2.62046e+000
 1.110924000000e-002,-2.69685e+000
 1.111436000000e-002,-2.60519e+000
 1.111948000000e-002,-2.69685e+000
 1.112460000000e-002,-2.66629e+000
 1.112972000000e-002,-2.57464e+000
 1.113484000000e-002,-2.58991e+000
 1.113996000000e-002,-2.58991e+000
 1.114508000000e-002,-2.62046e+000
 1.115020000000e-002,-2.63574e+000
 1.115532000000e-002,-2.58991e+000
 1.116044000000e-002,-2.63574e+000
 1.116556000000e-002,-2.58991e+000
 1.117068000000e-002,-2.58991e+000
 1.117580000000e-002,-2.62046e+000
 1.118092000000e-002,-2.62046e+000
 1.118604000000e-002,-2.65102e+000
 1.119116000000e-002,-2.68157e+000
 1.119628000000e-002,-2.74268e+000
 1.120140000000e-002,-2.75795e+000
 1.120652000000e-002,-2.78851e+000
 1.121164000000e-002,-2.74268e+000
 1.121676000000e-002,-2.69685e+000
 1.122188000000e-002,-2.65102e+000
 1.122700000000e-002,-2.80378e+000
 1.123212000000e-002,-2.77323e+000
 1.123724000000e-002,-2.75795e+000
 1.124236000000e-002,-2.80378e+000
 1.124748000000e-002,-2.77323e+000
 1.125260000000e-002,-2.80378e+000
 1.125772000000e-002,-2.86489e+000
 1.126284000000e-002,-2.83433e+000
 1.126796000000e-002,-2.84961e+000
 1.127308000000e-002,-2.84961e+000
 1.127820000000e-002,-2.81906e+000
 1.128332000000e-002,-2.80378e+000
 1.128844000000e-002,-2.80378e+000
 1.129356000000e-002,-2.77323e+000
 1.129868000000e-002,-2.78851e+000
 1.130380000000e-002,-2.71212e+000
 1.130892000000e-002,-2.74268e+000
 1.131404000000e-002,-2.74268e+000
 1.131916000000e-002,-2.75795e+000
 1.132428000000e-002,-2.78851e+000
 1.132940000000e-002,-2.78851e+000
 1.133452000000e-002,-2.71212e+000
 1.133964000000e-002,-2.72740e+000
 1.134476000000e-002,-2.69685e+000
 1.134988000000e-002,-2.68157e+000
 1.135500000000e-002,-2.65102e+000
 1.136012000000e-002,-2.66629e+000
 1.136524000000e-002,-2.60519e+000
 1.137036000000e-002,-2.51353e+000
 1.137548000000e-002,-2.62046e+000
 1.138060000000e-002,-2.57464e+000
 1.138572000000e-002,-2.45242e+000
 1.139084000000e-002,-2.48298e+000
 1.139596000000e-002,-2.33021e+000
 1.140108000000e-002,-2.33021e+000
 1.140620000000e-002,-2.31494e+000
 1.141132000000e-002,-2.07052e+000
 1.141644000000e-002,-2.20800e+000
 1.142156000000e-002,-1.99413e+000
 1.142668000000e-002,-1.99413e+000
 1.143180000000e-002,-1.94830e+000
 1.143692000000e-002,-1.81082e+000
 1.144204000000e-002,-1.91775e+000
 1.144716000000e-002,-2.08579e+000
 1.145228000000e-002,-1.81082e+000
 1.145740000000e-002,-2.03996e+000
 1.146252000000e-002,-1.90247e+000
 1.146764000000e-002,-1.61222e+000
 1.147276000000e-002,-1.76499e+000
 1.147788000000e-002,-1.39835e+000
 1.148300000000e-002,-1.82609e+000
 1.148812000000e-002,-1.52057e+000
 1.149324000000e-002,-1.62750e+000
 1.149836000000e-002,-1.39835e+000
 1.150348000000e-002,-1.38308e+000
 1.150860000000e-002,-1.26087e+000
 1.151372000000e-002,-8.94234e-001
 1.151884000000e-002,-1.38308e+000
 1.152396000000e-002,-1.36780e+000
 1.152908000000e-002,-9.85892e-001
 1.153420000000e-002,-9.09510e-001
 1.153932000000e-002,-8.17852e-001
 1.154444000000e-002,-1.01644e+000
 1.154956000000e-002,-8.17852e-001
 1.155468000000e-002,-8.48405e-001
 1.155980000000e-002,-5.73430e-001
 1.156492000000e-002,-5.42877e-001
 1.157004000000e-002,-6.65088e-001
 1.157516000000e-002,-8.78957e-001
 1.158028000000e-002,-5.58153e-001
 1.158540000000e-002,-6.03982e-001
 1.159052000000e-002,-5.58153e-001
 1.159564000000e-002,-5.58153e-001
 1.160076000000e-002,-5.58153e-001
 1.160588000000e-002,-5.42877e-001
 1.161100000000e-002,-5.58153e-001
 1.161612000000e-002,-5.42877e-001
 1.162124000000e-002,-5.58153e-001
 1.162636000000e-002,-5.42877e-001
 1.163148000000e-002,-5.42877e-001
 1.163660000000e-002,-5.58153e-001
 1.164172000000e-002,-5.42877e-001
 1.164684000000e-002,-5.42877e-001
 1.165196000000e-002,-5.58153e-001
 1.165708000000e-002,-5.42877e-001
 1.166220000000e-002,-5.42877e-001
 1.166732000000e-002,-5.42877e-001
 1.167244000000e-002,-5.42877e-001
 1.167756000000e-002,-5.42877e-001
 1.168268000000e-002,-5.58153e-001
 1.168780000000e-002,-5.42877e-001
 1.169292000000e-002,-5.42877e-001
 1.169804000000e-002,-5.58153e-001
 1.170316000000e-002,-5.42877e-001
 1.170828000000e-002,-5.58153e-001
 1.171340000000e-002,-5.42877e-001
 1.171852000000e-002,-5.58153e-001
 1.172364000000e-002,-5.42877e-001
 1.172876000000e-002,-5.42877e-001
 1.173388000000e-002,-5.42877e-001
 1.173900000000e-002,-5.58153e-001
 1.174412000000e-002,-5.42877e-001
 1.174924000000e-002,-5.58153e-001
 1.175436000000e-002,-5.42877e-001
 1.175948000000e-002,-5.42877e-001
 1.176460000000e-002,-5.42877e-001
 1.176972000000e-002,-5.58153e-001
 1.177484000000e-002,-5.42877e-001
 1.177996000000e-002,-5.42877e-001
 1.178508000000e-002,-5.42877e-001
 1.179020000000e-002,-5.42877e-001
 1.179532000000e-002,-5.27601e-001
 1.180044000000e-002,-5.42877e-001
 1.180556000000e-002,-5.42877e-001
 1.181068000000e-002,-5.58153e-001
 1.181580000000e-002,-5.42877e-001
 1.182092000000e-002,-5.42877e-001
 1.182604000000e-002,-5.42877e-001
 1.183116000000e-002,-5.42877e-001
 1.183628000000e-002,-5.42877e-001
 1.184140000000e-002,-5.42877e-001
 1.184652000000e-002,-5.42877e-001
 1.185164000000e-002,-5.58153e-001
 1.185676000000e-002,-5.42877e-001
 1.186188000000e-002,-5.42877e-001
 1.186700000000e-002,-5.42877e-001
 1.187212000000e-002,-5.42877e-001
 1.187724000000e-002,-5.42877e-001
 1.188236000000e-002,-5.58153e-001
 1.188748000000e-002,-5.58153e-001
 1.189260000000e-002,-5.58153e-001
 1.189772000000e-002,-5.58153e-001
 1.190284000000e-002,-5.42877e-001
 1.190796000000e-002,-5.42877e-001
 1.191308000000e-002,-5.73430e-001
 1.191820000000e-002,-5.42877e-001
 1.192332000000e-002,-5.58153e-001
 1.192844000000e-002,-5.42877e-001
 1.193356000000e-002,-5.58153e-001
 1.193868000000e-002,-5.42877e-001
 1.194380000000e-002,-5.88706e-001
 1.194892000000e-002,-5.42877e-001
 1.195404000000e-002,-5.58153e-001
 1.195916000000e-002,-5.27601e-001
 1.196428000000e-002,-5.58153e-001
 1.196940000000e-002,-5.42877e-001
 1.197452000000e-002,-5.58153e-001
 1.197964000000e-002,-5.42877e-001
 1.198476000000e-002,-5.58153e-001
 1.198988000000e-002,-5.42877e-001
 1.199500000000e-002,-5.58153e-001
 1.200012000000e-002,-5.58153e-001
 1.200524000000e-002,-5.58153e-001
 1.201036000000e-002,-5.42877e-001
 1.201548000000e-002,-5.42877e-001
 1.202060000000e-002,-5.42877e-001
 1.202572000000e-002,-5.42877e-001
 1.203084000000e-002,-5.42877e-001
 1.203596000000e-002,-5.58153e-001
 1.204108000000e-002,-5.58153e-001
 1.204620000000e-002,-5.42877e-001
 1.205132000000e-002,-5.42877e-001
 1.205644000000e-002,-5.42877e-001
 1.206156000000e-002,-5.42877e-001
 1.206668000000e-002,-5.42877e-001
 1.207180000000e-002,-5.42877e-001
 1.207692000000e-002,-5.42877e-001
 1.208204000000e-002,-5.42877e-001
 1.208716000000e-002,-5.42877e-001
 1.209228000000e-002,-5.42877e-001
 1.209740000000e-002,-5.42877e-001
 1.210252000000e-002,-5.42877e-001
 1.210764000000e-002,-5.42877e-001
 1.211276000000e-002,-5.42877e-001
 1.211788000000e-002,-5.42877e-001
 1.212300000000e-002,-5.42877e-001
 1.212812000000e-002,-5.42877e-001
 1.213324000000e-002,-5.42877e-001
 1.213836000000e-002,-5.42877e-001
 1.214348000000e-002,-5.42877e-001
 1.214860000000e-002,-5.58153e-001
 1.215372000000e-002,-5.42877e-001
 1.215884000000e-002,-5.42877e-001
 1.216396000000e-002,-5.42877e-001
 1.216908000000e-002,-5.42877e-001
 1.217420000000e-002,-5.58153e-001
 1.217932000000e-002,-5.42877e-001
 1.218444000000e-002,-5.42877e-001
 1.218956000000e-002,-5.58153e-001
 1.219468000000e-002,-5.42877e-001
 1.219980000000e-002,-5.58153e-001
 1.220492000000e-002,-5.58153e-001
 1.221004000000e-002,-5.42877e-001
 1.221516000000e-002,-5.58153e-001
 1.222028000000e-002,-5.42877e-001
 1.222540000000e-002,-5.42877e-001
 1.223052000000e-002,-5.42877e-001
 1.223564000000e-002,-5.42877e-001
 1.224076000000e-002,-5.58153e-001
 1.224588000000e-002,-5.42877e-001
 1.225100000000e-002,-5.42877e-001
 1.225612000000e-002,-5.42877e-001
 1.226124000000e-002,-5.58153e-001
 1.226636000000e-002,-5.58153e-001
 1.227148000000e-002,-5.42877e-001
 1.227660000000e-002,-5.58153e-001
 1.228172000000e-002,-5.58153e-001
 1.228684000000e-002,-5.42877e-001
 1.229196000000e-002,-5.42877e-001
 1.229708000000e-002,-5.58153e-001
 1.230220000000e-002,-5.58153e-001
 1.230732000000e-002,-5.42877e-001
 1.231244000000e-002,-5.42877e-001
 1.231756000000e-002,-5.42877e-001
 1.232268000000e-002,-5.42877e-001
 1.232780000000e-002,-5.27601e-001
 1.233292000000e-002,-5.42877e-001
 1.233804000000e-002,-5.42877e-001
 1.234316000000e-002,-5.42877e-001
 1.234828000000e-002,-5.58153e-001
 1.235340000000e-002,-5.42877e-001
 1.235852000000e-002,-5.73430e-001
 1.236364000000e-002,-5.42877e-001
 1.236876000000e-002,-5.73430e-001
 1.237388000000e-002,-5.58153e-001
 1.237900000000e-002,-5.58153e-001
 1.238412000000e-002,-5.42877e-001
 1.238924000000e-002,-5.73430e-001
 1.239436000000e-002,-5.58153e-001
 1.239948000000e-002,-5.58153e-001
 1.240460000000e-002,-5.58153e-001
 1.240972000000e-002,-5.58153e-001
 1.241484000000e-002,-5.42877e-001
 1.241996000000e-002,-5.58153e-001
 1.242508000000e-002,-5.42877e-001
 1.243020000000e-002,-5.73430e-001
 1.243532000000e-002,-5.42877e-001
 1.244044000000e-002,-5.73430e-001
 1.244556000000e-002,-5.58153e-001
 1.245068000000e-002,-5.73430e-001
 1.245580000000e-002,-5.58153e-001
 1.246092000000e-002,-1.00117e+000
 1.246604000000e-002,-1.21504e+000
 1.247116000000e-002,-1.39835e+000
 1.247628000000e-002,-1.56639e+000
 1.248140000000e-002,-1.53584e+000
 1.248652000000e-002,-2.05524e+000
 1.249164000000e-002,-1.84137e+000
 1.249676000000e-002,-1.68861e+000
 1.250188000000e-002,-1.06227e+000
 1.250700000000e-002,-1.10810e+000
 1.251212000000e-002,-1.21504e+000
 1.251724000000e-002,-1.50529e+000
 1.252236000000e-002,-1.47474e+000
 1.252748000000e-002,-1.56639e+000
 1.253260000000e-002,-1.94830e+000
 1.253772000000e-002,-2.00941e+000
 1.254284000000e-002,-1.71916e+000
 1.254796000000e-002,-1.79554e+000
 1.255308000000e-002,-1.81082e+000
 1.255820000000e-002,-1.90247e+000
 1.256332000000e-002,-1.73443e+000
 1.256844000000e-002,-2.08579e+000
 1.257356000000e-002,-2.16217e+000
 1.257868000000e-002,-2.22328e+000
 1.258380000000e-002,-2.37604e+000
 1.258892000000e-002,-2.40660e+000
 1.259404000000e-002,-2.54408e+000
 1.259916000000e-002,-2.62046e+000
 1.260428000000e-002,-2.52881e+000
 1.260940000000e-002,-2.55936e+000
 1.261452000000e-002,-2.39132e+000
 1.261964000000e-002,-2.52881e+000
 1.262476000000e-002,-2.42187e+000
 1.262988000000e-002,-2.58991e+000
 1.263500000000e-002,-2.43715e+000
 1.264012000000e-002,-2.48298e+000
 1.264524000000e-002,-2.65102e+000
 1.265036000000e-002,-2.62046e+000
 1.265548000000e-002,-2.75795e+000
 1.266060000000e-002,-2.69685e+000
 1.266572000000e-002,-2.71212e+000
 1.267084000000e-002,-2.72740e+000
 1.267596000000e-002,-2.69685e+000
 1.268108000000e-002,-2.71212e+000
 1.268620000000e-002,-2.71212e+000
 1.269132000000e-002,-2.74268e+000
 1.269644000000e-002,-2.72740e+000
 1.270156000000e-002,-2.78851e+000
 1.270668000000e-002,-2.80378e+000
 1.271180000000e-002,-2.74268e+000
 1.271692000000e-002,-2.72740e+000
 1.272204000000e-002,-2.69685e+000
 1.272716000000e-002,-2.74268e+000
 1.273228000000e-002,-2.80378e+000
 1.273740000000e-002,-2.75795e+000
 1.274252000000e-002,-2.81906e+000
 1.274764000000e-002,-2.81906e+000
 1.275276000000e-002,-2.84961e+000
 1.275788000000e-002,-2.78851e+000
 1.276300000000e-002,-2.75795e+000
 1.276812000000e-002,-2.72740e+000
 1.277324000000e-002,-2.72740e+000
 1.277836000000e-002,-2.72740e+000
 1.278348000000e-002,-2.72740e+000
 1.278860000000e-002,-2.68157e+000
 1.279372000000e-002,-2.69685e+000
 1.279884000000e-002,-2.72740e+000
 1.280396000000e-002,-2.69685e+000
 1.280908000000e-002,-2.77323e+000
 1.281420000000e-002,-2.72740e+000
 1.281932000000e-002,-2.68157e+000
 1.282444000000e-002,-2.63574e+000
 1.282956000000e-002,-2.58991e+000
 1.283468000000e-002,-2.57464e+000
 1.283980000000e-002,-2.62046e+000
 1.284492000000e-002,-2.48298e+000
 1.285004000000e-002,-2.63574e+000
 1.285516000000e-002,-2.65102e+000
 1.286028000000e-002,-2.71212e+000
 1.286540000000e-002,-2.63574e+000
 1.287052000000e-002,-2.63574e+000
 1.287564000000e-002,-2.49825e+000
 1.288076000000e-002,-2.51353e+000
 1.288588000000e-002,-2.43715e+000
 1.289100000000e-002,-2.48298e+000
 1.289612000000e-002,-2.49825e+000
 1.290124000000e-002,-2.66629e+000
 1.290636000000e-002,-2.57464e+000
 1.291148000000e-002,-2.60519e+000
 1.291660000000e-002,-2.55936e+000
 1.292172000000e-002,-2.58991e+000
 1.292684000000e-002,-2.45242e+000
 1.293196000000e-002,-2.43715e+000
 1.293708000000e-002,-2.69685e+000
 1.294220000000e-002,-2.49825e+000
 1.294732000000e-002,-2.55936e+000
 1.295244000000e-002,-2.54408e+000
 1.295756000000e-002,-2.57464e+000
 1.296268000000e-002,-2.43715e+000
 1.296780000000e-002,-2.52881e+000
 1.297292000000e-002,-2.52881e+000
 1.297804000000e-002,-2.58991e+000
 1.298316000000e-002,-2.63574e+000
 1.298828000000e-002,-2.75795e+000
 1.299340000000e-002,-2.69685e+000
 1.299852000000e-002,-2.48298e+000
 1.300364000000e-002,-2.46770e+000
 1.300876000000e-002,-2.48298e+000
 1.301388000000e-002,-2.48298e+000
 1.301900000000e-002,-2.51353e+000
 1.302412000000e-002,-2.57464e+000
 1.302924000000e-002,-2.58991e+000
 1.303436000000e-002,-2.52881e+000
 1.303948000000e-002,-2.69685e+000
 1.304460000000e-002,-2.60519e+000
 1.304972000000e-002,-2.60519e+000
 1.305484000000e-002,-2.58991e+000
 1.305996000000e-002,-2.58991e+000
 1.306508000000e-002,-2.49825e+000
 1.307020000000e-002,-2.54408e+000
 1.307532000000e-002,-2.52881e+000
 1.308044000000e-002,-2.66629e+000
 1.308556000000e-002,-2.58991e+000
 1.309068000000e-002,-2.66629e+000
 1.309580000000e-002,-2.69685e+000
 1.310092000000e-002,-2.66629e+000
 1.310604000000e-002,-2.65102e+000
 1.311116000000e-002,-2.68157e+000
 1.311628000000e-002,-2.69685e+000
 1.312140000000e-002,-2.69685e+000
 1.312652000000e-002,-2.74268e+000
 1.313164000000e-002,-2.69685e+000
 1.313676000000e-002,-2.74268e+000
 1.314188000000e-002,-2.74268e+000
 1.314700000000e-002,-2.78851e+000
 1.315212000000e-002,-2.75795e+000
 1.315724000000e-002,-2.72740e+000
 1.316236000000e-002,-2.66629e+000
 1.316748000000e-002,-2.72740e+000
 1.317260000000e-002,-2.69685e+000
 1.317772000000e-002,-2.71212e+000
 1.318284000000e-002,-2.77323e+000
 1.318796000000e-002,-2.78851e+000
 1.319308000000e-002,-2.80378e+000
 1.319820000000e-002,-2.81906e+000
 1.320332000000e-002,-2.81906e+000
 1.320844000000e-002,-2.80378e+000
 1.321356000000e-002,-2.75795e+000
 1.321868000000e-002,-2.77323e+000
 1.322380000000e-002,-2.80378e+000
 1.322892000000e-002,-2.81906e+000
 1.323404000000e-002,-2.81906e+000
 1.323916000000e-002,-2.83433e+000
 1.324428000000e-002,-2.81906e+000
 1.324940000000e-002,-2.81906e+000
 1.325452000000e-002,-2.84961e+000
 1.325964000000e-002,-2.83433e+000
 1.326476000000e-002,-2.84961e+000
 1.326988000000e-002,-2.84961e+000
 1.327500000000e-002,-2.86489e+000
 1.328012000000e-002,-2.88016e+000
 1.328524000000e-002,-2.88016e+000
 1.329036000000e-002,-2.91072e+000
 1.329548000000e-002,-2.88016e+000
 1.330060000000e-002,-2.84961e+000
 1.330572000000e-002,-2.86489e+000
 1.331084000000e-002,-2.91072e+000
 1.331596000000e-002,-2.91072e+000
 1.332108000000e-002,-2.89544e+000
 1.332620000000e-002,-2.91072e+000
 1.333132000000e-002,-2.91072e+000
 1.333644000000e-002,-2.91072e+000
 1.334156000000e-002,-2.89544e+000
 1.334668000000e-002,-2.89544e+000
 1.335180000000e-002,-2.88016e+000
 1.335692000000e-002,-2.91072e+000
 1.336204000000e-002,-2.92599e+000
 1.336716000000e-002,-2.91072e+000
 1.337228000000e-002,-2.88016e+000
 1.337740000000e-002,-2.88016e+000
 1.338252000000e-002,-2.89544e+000
 1.338764000000e-002,-2.91072e+000
 1.339276000000e-002,-2.89544e+000
 1.339788000000e-002,-2.88016e+000
 1.340300000000e-002,-2.89544e+000
 1.340812000000e-002,-2.89544e+000
 1.341324000000e-002,-2.89544e+000
 1.341836000000e-002,-2.89544e+000
 1.342348000000e-002,-2.89544e+000
 1.342860000000e-002,-2.89544e+000
 1.343372000000e-002,-2.88016e+000
 1.343884000000e-002,-2.88016e+000
 1.344396000000e-002,-2.89544e+000
 1.344908000000e-002,-2.89544e+000
 1.345420000000e-002,-2.88016e+000
 1.345932000000e-002,-2.88016e+000
 1.346444000000e-002,-2.86489e+000
 1.346956000000e-002,-2.89544e+000
 1.347468000000e-002,-2.89544e+000
 1.347980000000e-002,-2.91072e+000
 1.348492000000e-002,-2.88016e+000
 1.349004000000e-002,-2.88016e+000
 1.349516000000e-002,-2.88016e+000
 1.350028000000e-002,-2.88016e+000
 1.350540000000e-002,-2.86489e+000
 1.351052000000e-002,-2.84961e+000
 1.351564000000e-002,-2.83433e+000
 1.352076000000e-002,-2.84961e+000
 1.352588000000e-002,-2.88016e+000
 1.353100000000e-002,-2.86489e+000
 1.353612000000e-002,-2.84961e+000
 1.354124000000e-002,-2.84961e+000
 1.354636000000e-002,-2.84961e+000
 1.355148000000e-002,-2.83433e+000
 1.355660000000e-002,-2.81906e+000
 1.356172000000e-002,-2.83433e+000
 1.356684000000e-002,-2.80378e+000
 1.357196000000e-002,-2.81906e+000
 1.357708000000e-002,-2.75795e+000
 1.358220000000e-002,-2.78851e+000
 1.358732000000e-002,-2.80378e+000
 1.359244000000e-002,-2.80378e+000
 1.359756000000e-002,-2.80378e+000
 1.360268000000e-002,-2.81906e+000
 1.360780000000e-002,-2.80378e+000
 1.361292000000e-002,-2.81906e+000
 1.361804000000e-002,-2.77323e+000
 1.362316000000e-002,-2.78851e+000
 1.362828000000e-002,-2.80378e+000
 1.363340000000e-002,-2.80378e+000
 1.363852000000e-002,-2.78851e+000
 1.364364000000e-002,-2.78851e+000
 1.364876000000e-002,-2.75795e+000
 1.365388000000e-002,-2.81906e+000
 1.365900000000e-002,-2.81906e+000
 1.366412000000e-002,-2.80378e+000
 1.366924000000e-002,-2.81906e+000
 1.367436000000e-002,-2.83433e+000
 1.367948000000e-002,-2.83433e+000
 1.368460000000e-002,-2.74268e+000
 1.368972000000e-002,-2.78851e+000
 1.369484000000e-002,-2.81906e+000
 1.369996000000e-002,-2.81906e+000
 1.370508000000e-002,-2.77323e+000
 1.371020000000e-002,-2.71212e+000
 1.371532000000e-002,-2.77323e+000
 1.372044000000e-002,-2.78851e+000
 1.372556000000e-002,-2.81906e+000
 1.373068000000e-002,-2.81906e+000
 1.373580000000e-002,-2.81906e+000
 1.374092000000e-002,-2.80378e+000
 1.374604000000e-002,-2.78851e+000
 1.375116000000e-002,-2.78851e+000
 1.375628000000e-002,-2.78851e+000
 1.376140000000e-002,-2.77323e+000
 1.376652000000e-002,-2.72740e+000
 1.377164000000e-002,-2.80378e+000
 1.377676000000e-002,-2.78851e+000
 1.378188000000e-002,-2.80378e+000
 1.378700000000e-002,-2.74268e+000
 1.379212000000e-002,-2.77323e+000
 1.379724000000e-002,-2.77323e+000
 1.380236000000e-002,-2.78851e+000
 1.380748000000e-002,-2.77323e+000
 1.381260000000e-002,-2.80378e+000
 1.381772000000e-002,-2.81906e+000
 1.382284000000e-002,-2.83433e+000
 1.382796000000e-002,-2.80378e+000
 1.383308000000e-002,-2.81906e+000
 1.383820000000e-002,-2.83433e+000
 1.384332000000e-002,-2.86489e+000
 1.384844000000e-002,-2.83433e+000
 1.385356000000e-002,-2.84961e+000
 1.385868000000e-002,-2.83433e+000
 1.386380000000e-002,-2.83433e+000
 1.386892000000e-002,-2.86489e+000
 1.387404000000e-002,-2.86489e+000
 1.387916000000e-002,-2.88016e+000
 1.388428000000e-002,-2.84961e+000
 1.388940000000e-002,-2.88016e+000
 1.389452000000e-002,-2.88016e+000
 1.389964000000e-002,-2.89544e+000
 1.390476000000e-002,-2.88016e+000
 1.390988000000e-002,-2.88016e+000
 1.391500000000e-002,-2.88016e+000
 1.392012000000e-002,-2.86489e+000
 1.392524000000e-002,-2.91072e+000
 1.393036000000e-002,-2.89544e+000
 1.393548000000e-002,-2.91072e+000
 1.394060000000e-002,-2.92599e+000
 1.394572000000e-002,-2.92599e+000
 1.395084000000e-002,-2.91072e+000
 1.395596000000e-002,-2.89544e+000
 1.396108000000e-002,-2.91072e+000
 1.396620000000e-002,-2.89544e+000
 1.397132000000e-002,-2.88016e+000
 1.397644000000e-002,-2.89544e+000
 1.398156000000e-002,-2.91072e+000
 1.398668000000e-002,-2.92599e+000
 1.399180000000e-002,-2.92599e+000
 1.399692000000e-002,-2.92599e+000
 1.400204000000e-002,-2.92599e+000
 1.400716000000e-002,-2.89544e+000
 1.401228000000e-002,-2.92599e+000
 1.401740000000e-002,-2.92599e+000
 1.402252000000e-002,-2.92599e+000
 1.402764000000e-002,-2.91072e+000
 1.403276000000e-002,-2.92599e+000
 1.403788000000e-002,-2.92599e+000
 1.404300000000e-002,-2.92599e+000
 1.404812000000e-002,-2.91072e+000
 1.405324000000e-002,-2.92599e+000
 1.405836000000e-002,-2.92599e+000
 1.406348000000e-002,-2.92599e+000
 1.406860000000e-002,-2.92599e+000
 1.407372000000e-002,-2.92599e+000
 1.407884000000e-002,-2.94127e+000
 1.408396000000e-002,-2.92599e+000
 1.408908000000e-002,-2.92599e+000
 1.409420000000e-002,-2.91072e+000
 1.409932000000e-002,-2.92599e+000
 1.410444000000e-002,-2.91072e+000
 1.410956000000e-002,-2.92599e+000
 1.411468000000e-002,-2.92599e+000
 1.411980000000e-002,-2.91072e+000
 1.412492000000e-002,-2.92599e+000
 1.413004000000e-002,-2.94127e+000
 1.413516000000e-002,-2.92599e+000
 1.414028000000e-002,-2.91072e+000
 1.414540000000e-002,-2.94127e+000
 1.415052000000e-002,-2.91072e+000
 1.415564000000e-002,-2.91072e+000
 1.416076000000e-002,-2.92599e+000
 1.416588000000e-002,-2.92599e+000
 1.417100000000e-002,-2.91072e+000
 1.417612000000e-002,-2.92599e+000
 1.418124000000e-002,-2.92599e+000
 1.418636000000e-002,-2.91072e+000
 1.419148000000e-002,-2.91072e+000
 1.419660000000e-002,-2.92599e+000
 1.420172000000e-002,-2.91072e+000
 1.420684000000e-002,-2.91072e+000
 1.421196000000e-002,-2.91072e+000
 1.421708000000e-002,-2.91072e+000
 1.422220000000e-002,-2.89544e+000
 1.422732000000e-002,-2.91072e+000
 1.423244000000e-002,-2.89544e+000
 1.423756000000e-002,-2.89544e+000
 1.424268000000e-002,-2.89544e+000
 1.424780000000e-002,-2.91072e+000
 1.425292000000e-002,-2.89544e+000
 1.425804000000e-002,-2.89544e+000
 1.426316000000e-002,-2.89544e+000
 1.426828000000e-002,-2.89544e+000
 1.427340000000e-002,-2.88016e+000
 1.427852000000e-002,-2.89544e+000
 1.428364000000e-002,-2.88016e+000
 1.428876000000e-002,-2.88016e+000
 1.429388000000e-002,-2.88016e+000
 1.429900000000e-002,-2.89544e+000
 1.430412000000e-002,-2.89544e+000
 1.430924000000e-002,-2.88016e+000
 1.431436000000e-002,-2.89544e+000
 1.431948000000e-002,-2.89544e+000
 1.432460000000e-002,-2.88016e+000
 1.432972000000e-002,-2.88016e+000
 1.433484000000e-002,-2.89544e+000
 1.433996000000e-002,-2.89544e+000
 1.434508000000e-002,-2.86489e+000
 1.435020000000e-002,-2.88016e+000
 1.435532000000e-002,-2.89544e+000
 1.436044000000e-002,-2.89544e+000
 1.436556000000e-002,-2.88016e+000
 1.437068000000e-002,-2.88016e+000
 1.437580000000e-002,-2.89544e+000
 1.438092000000e-002,-2.86489e+000
 1.438604000000e-002,-2.88016e+000
 1.439116000000e-002,-2.91072e+000
 1.439628000000e-002,-2.88016e+000
 1.440140000000e-002,-2.88016e+000
 1.440652000000e-002,-2.88016e+000
 1.441164000000e-002,-2.88016e+000
 1.441676000000e-002,-2.88016e+000
 1.442188000000e-002,-2.88016e+000
 1.442700000000e-002,-2.88016e+000
 1.443212000000e-002,-2.83433e+000
 1.443724000000e-002,-2.86489e+000
 1.444236000000e-002,-2.84961e+000
 1.444748000000e-002,-2.86489e+000
 1.445260000000e-002,-2.84961e+000
 1.445772000000e-002,-2.84961e+000
 1.446284000000e-002,-2.83433e+000
 1.446796000000e-002,-2.83433e+000
 1.447308000000e-002,-2.83433e+000
 1.447820000000e-002,-2.83433e+000
 1.448332000000e-002,-2.83433e+000
 1.448844000000e-002,-2.81906e+000
 1.449356000000e-002,-2.84961e+000
 1.449868000000e-002,-2.88016e+000
 1.450380000000e-002,-2.86489e+000
 1.450892000000e-002,-2.86489e+000
 1.451404000000e-002,-2.86489e+000
 1.451916000000e-002,-2.86489e+000
 1.452428000000e-002,-2.86489e+000
 1.452940000000e-002,-2.86489e+000
 1.453452000000e-002,-2.86489e+000
 1.453964000000e-002,-2.84961e+000
 1.454476000000e-002,-2.88016e+000
 1.454988000000e-002,-2.86489e+000
 1.455500000000e-002,-2.86489e+000
 1.456012000000e-002,-2.88016e+000
 1.456524000000e-002,-2.86489e+000
 1.457036000000e-002,-2.86489e+000
 1.457548000000e-002,-2.86489e+000
 1.458060000000e-002,-2.86489e+000
 1.458572000000e-002,-2.88016e+000
 1.459084000000e-002,-2.88016e+000
 1.459596000000e-002,-2.88016e+000
 1.460108000000e-002,-2.89544e+000
 1.460620000000e-002,-2.89544e+000
 1.461132000000e-002,-2.88016e+000
 1.461644000000e-002,-2.88016e+000
 1.462156000000e-002,-2.89544e+000
 1.462668000000e-002,-2.88016e+000
 1.463180000000e-002,-2.89544e+000
 1.463692000000e-002,-2.89544e+000
 1.464204000000e-002,-2.88016e+000
 1.464716000000e-002,-2.89544e+000
 1.465228000000e-002,-2.91072e+000
 1.465740000000e-002,-2.89544e+000
 1.466252000000e-002,-2.92599e+000
 1.466764000000e-002,-2.92599e+000
 1.467276000000e-002,-2.91072e+000
 1.467788000000e-002,-2.91072e+000
 1.468300000000e-002,-2.91072e+000
 1.468812000000e-002,-2.92599e+000
 1.469324000000e-002,-2.91072e+000
 1.469836000000e-002,-2.91072e+000
 1.470348000000e-002,-2.91072e+000
 1.470860000000e-002,-2.91072e+000
 1.471372000000e-002,-2.92599e+000
 1.471884000000e-002,-2.91072e+000
 1.472396000000e-002,-2.92599e+000
 1.472908000000e-002,-2.92599e+000
 1.473420000000e-002,-2.92599e+000
 1.473932000000e-002,-2.92599e+000
 1.474444000000e-002,-2.92599e+000
 1.474956000000e-002,-2.91072e+000
 1.475468000000e-002,-2.92599e+000
 1.475980000000e-002,-2.92599e+000
 1.476492000000e-002,-2.92599e+000
 1.477004000000e-002,-2.94127e+000
 1.477516000000e-002,-2.92599e+000
 1.478028000000e-002,-2.92599e+000
 1.478540000000e-002,-2.94127e+000
 1.479052000000e-002,-2.94127e+000
 1.479564000000e-002,-2.94127e+000
 1.480076000000e-002,-2.92599e+000
 1.480588000000e-002,-2.92599e+000
 1.481100000000e-002,-2.92599e+000
 1.481612000000e-002,-2.94127e+000
 1.482124000000e-002,-2.94127e+000
 1.482636000000e-002,-2.92599e+000
 1.483148000000e-002,-2.94127e+000
 1.483660000000e-002,-2.92599e+000
 1.484172000000e-002,-2.94127e+000
 1.484684000000e-002,-2.94127e+000
 1.485196000000e-002,-2.92599e+000
 1.485708000000e-002,-2.94127e+000
 1.486220000000e-002,-2.92599e+000
 1.486732000000e-002,-2.94127e+000
 1.487244000000e-002,-2.91072e+000
 1.487756000000e-002,-2.94127e+000
 1.488268000000e-002,-2.95655e+000
 1.488780000000e-002,-2.92599e+000
 1.489292000000e-002,-2.92599e+000
 1.489804000000e-002,-2.94127e+000
 1.490316000000e-002,-2.92599e+000
 1.490828000000e-002,-2.94127e+000
 1.491340000000e-002,-2.92599e+000
 1.491852000000e-002,-2.94127e+000
 1.492364000000e-002,-2.92599e+000
 1.492876000000e-002,-2.92599e+000
 1.493388000000e-002,-2.91072e+000
 1.493900000000e-002,-2.92599e+000
 1.494412000000e-002,-2.92599e+000
 1.494924000000e-002,-2.91072e+000
 1.495436000000e-002,-2.92599e+000
 1.495948000000e-002,-2.89544e+000
 1.496460000000e-002,-2.91072e+000
 1.496972000000e-002,-2.91072e+000
 1.497484000000e-002,-2.89544e+000
 1.497996000000e-002,-2.89544e+000
 1.498508000000e-002,-2.89544e+000
 1.499020000000e-002,-2.91072e+000
 1.499532000000e-002,-2.91072e+000
 1.500044000000e-002,-2.91072e+000
 1.500556000000e-002,-2.89544e+000
 1.501068000000e-002,-2.91072e+000
 1.501580000000e-002,-2.91072e+000
 1.502092000000e-002,-2.89544e+000
 1.502604000000e-002,-2.89544e+000
 1.503116000000e-002,-2.89544e+000
 1.503628000000e-002,-2.89544e+000
 1.504140000000e-002,-2.91072e+000
 1.504652000000e-002,-2.91072e+000
 1.505164000000e-002,-2.89544e+000
 1.505676000000e-002,-2.89544e+000
 1.506188000000e-002,-2.89544e+000
 1.506700000000e-002,-2.91072e+000
 1.507212000000e-002,-2.88016e+000
 1.507724000000e-002,-2.89544e+000
 1.508236000000e-002,-2.91072e+000
 1.508748000000e-002,-2.91072e+000
 1.509260000000e-002,-2.89544e+000
 1.509772000000e-002,-2.91072e+000
 1.510284000000e-002,-2.89544e+000
 1.510796000000e-002,-2.89544e+000
 1.511308000000e-002,-2.91072e+000
 1.511820000000e-002,-2.91072e+000
 1.512332000000e-002,-2.88016e+000
 1.512844000000e-002,-2.92599e+000
 1.513356000000e-002,-2.89544e+000
 1.513868000000e-002,-2.88016e+000
 1.514380000000e-002,-2.91072e+000
 1.514892000000e-002,-2.89544e+000
 1.515404000000e-002,-2.89544e+000
 1.515916000000e-002,-2.88016e+000
 1.516428000000e-002,-2.88016e+000
 1.516940000000e-002,-2.89544e+000
 1.517452000000e-002,-2.89544e+000
 1.517964000000e-002,-2.88016e+000
 1.518476000000e-002,-2.89544e+000
 1.518988000000e-002,-2.88016e+000
 1.519500000000e-002,-2.88016e+000
 1.520012000000e-002,-2.91072e+000
 1.520524000000e-002,-2.91072e+000
 1.521036000000e-002,-2.88016e+000
 1.521548000000e-002,-2.89544e+000
 1.522060000000e-002,-2.89544e+000
 1.522572000000e-002,-2.89544e+000
 1.523084000000e-002,-2.89544e+000
 1.523596000000e-002,-2.91072e+000
 1.524108000000e-002,-2.89544e+000
 1.524620000000e-002,-2.89544e+000
 1.525132000000e-002,-2.88016e+000
 1.525644000000e-002,-2.89544e+000
 1.526156000000e-002,-2.88016e+000
 1.526668000000e-002,-2.91072e+000
 1.527180000000e-002,-2.88016e+000
 1.527692000000e-002,-2.89544e+000
 1.528204000000e-002,-2.91072e+000
 1.528716000000e-002,-2.89544e+000
 1.529228000000e-002,-2.88016e+000
 1.529740000000e-002,-2.91072e+000
 1.530252000000e-002,-2.88016e+000
 1.530764000000e-002,-2.91072e+000
 1.531276000000e-002,-2.89544e+000
 1.531788000000e-002,-2.91072e+000
 1.532300000000e-002,-2.92599e+000
 1.532812000000e-002,-2.91072e+000
 1.533324000000e-002,-2.91072e+000
 1.533836000000e-002,-2.92599e+000
 1.534348000000e-002,-2.92599e+000
 1.534860000000e-002,-2.91072e+000
 1.535372000000e-002,-2.91072e+000
 1.535884000000e-002,-2.91072e+000
 1.536396000000e-002,-2.91072e+000
 1.536908000000e-002,-2.91072e+000
 1.537420000000e-002,-2.92599e+000
 1.537932000000e-002,-2.92599e+000
 1.538444000000e-002,-2.91072e+000
 1.538956000000e-002,-2.92599e+000
 1.539468000000e-002,-2.91072e+000
 1.539980000000e-002,-2.92599e+000
 1.540492000000e-002,-2.91072e+000
 1.541004000000e-002,-2.92599e+000
 1.541516000000e-002,-2.92599e+000
 1.542028000000e-002,-2.94127e+000
 1.542540000000e-002,-2.92599e+000
 1.543052000000e-002,-2.92599e+000
 1.543564000000e-002,-2.94127e+000
 1.544076000000e-002,-2.92599e+000
 1.544588000000e-002,-2.92599e+000
 1.545100000000e-002,-2.92599e+000
 1.545612000000e-002,-2.92599e+000
 1.546124000000e-002,-2.92599e+000
 1.546636000000e-002,-2.92599e+000
 1.547148000000e-002,-2.94127e+000
 1.547660000000e-002,-2.92599e+000
 1.548172000000e-002,-2.92599e+000
 1.548684000000e-002,-2.92599e+000
 1.549196000000e-002,-2.92599e+000
 1.549708000000e-002,-2.94127e+000
 1.550220000000e-002,-2.92599e+000
 1.550732000000e-002,-2.94127e+000
 1.551244000000e-002,-2.92599e+000
 1.551756000000e-002,-2.92599e+000
 1.552268000000e-002,-2.92599e+000
 1.552780000000e-002,-2.92599e+000
 1.553292000000e-002,-2.94127e+000
 1.553804000000e-002,-2.92599e+000
 1.554316000000e-002,-2.92599e+000
 1.554828000000e-002,-2.92599e+000
 1.555340000000e-002,-2.94127e+000
 1.555852000000e-002,-2.94127e+000
 1.556364000000e-002,-2.92599e+000
 1.556876000000e-002,-2.92599e+000
 1.557388000000e-002,-2.92599e+000
 1.557900000000e-002,-2.92599e+000
 1.558412000000e-002,-2.92599e+000
 1.558924000000e-002,-2.91072e+000
 1.559436000000e-002,-2.94127e+000
 1.559948000000e-002,-2.92599e+000
 1.560460000000e-002,-2.92599e+000
 1.560972000000e-002,-2.91072e+000
 1.561484000000e-002,-2.92599e+000
 1.561996000000e-002,-2.91072e+000
 1.562508000000e-002,-2.94127e+000
 1.563020000000e-002,-2.92599e+000
 1.563532000000e-002,-2.92599e+000
 1.564044000000e-002,-2.91072e+000
 1.564556000000e-002,-2.91072e+000
 1.565068000000e-002,-2.91072e+000
 1.565580000000e-002,-2.91072e+000
 1.566092000000e-002,-2.91072e+000
 1.566604000000e-002,-2.92599e+000
 1.567116000000e-002,-2.91072e+000
 1.567628000000e-002,-2.91072e+000
 1.568140000000e-002,-2.91072e+000
 1.568652000000e-002,-2.91072e+000
 1.569164000000e-002,-2.91072e+000
 1.569676000000e-002,-2.91072e+000
 1.570188000000e-002,-2.92599e+000
 1.570700000000e-002,-2.92599e+000
 1.571212000000e-002,-2.91072e+000
 1.571724000000e-002,-2.91072e+000
 1.572236000000e-002,-2.92599e+000
 1.572748000000e-002,-2.91072e+000
 1.573260000000e-002,-2.89544e+000
 1.573772000000e-002,-2.89544e+000
 1.574284000000e-002,-2.91072e+000
 1.574796000000e-002,-2.91072e+000
 1.575308000000e-002,-2.89544e+000
 1.575820000000e-002,-2.91072e+000
 1.576332000000e-002,-2.89544e+000
 1.576844000000e-002,-2.91072e+000
 1.577356000000e-002,-2.91072e+000
 1.577868000000e-002,-2.92599e+000
 1.578380000000e-002,-2.91072e+000
 1.578892000000e-002,-2.91072e+000
 1.579404000000e-002,-2.89544e+000
 1.579916000000e-002,-2.91072e+000
 1.580428000000e-002,-2.92599e+000
 1.580940000000e-002,-2.91072e+000
 1.581452000000e-002,-2.91072e+000
 1.581964000000e-002,-2.91072e+000
 1.582476000000e-002,-2.89544e+000
 1.582988000000e-002,-2.91072e+000
 1.583500000000e-002,-2.88016e+000
 1.584012000000e-002,-2.91072e+000
 1.584524000000e-002,-2.89544e+000
 1.585036000000e-002,-2.91072e+000
 1.585548000000e-002,-2.89544e+000
 1.586060000000e-002,-2.89544e+000
 1.586572000000e-002,-2.91072e+000
 1.587084000000e-002,-2.88016e+000
 1.587596000000e-002,-2.91072e+000
 1.588108000000e-002,-2.89544e+000
 1.588620000000e-002,-2.89544e+000
 1.589132000000e-002,-2.89544e+000
 1.589644000000e-002,-2.91072e+000
 1.590156000000e-002,-2.89544e+000
 1.590668000000e-002,-2.92599e+000
 1.591180000000e-002,-2.89544e+000
 1.591692000000e-002,-2.89544e+000
 1.592204000000e-002,-2.91072e+000
 1.592716000000e-002,-2.91072e+000
 1.593228000000e-002,-2.91072e+000
 1.593740000000e-002,-2.89544e+000
 1.594252000000e-002,-2.91072e+000
 1.594764000000e-002,-2.91072e+000
 1.595276000000e-002,-2.91072e+000
 1.595788000000e-002,-2.91072e+000
 1.596300000000e-002,-2.91072e+000
 1.596812000000e-002,-2.89544e+000
 1.597324000000e-002,-2.91072e+000
 1.597836000000e-002,-2.89544e+000
 1.598348000000e-002,-2.91072e+000
 1.598860000000e-002,-2.91072e+000
 1.599372000000e-002,-2.95655e+000
 1.599884000000e-002,-3.00237e+000
 1.600396000000e-002,-3.00237e+000
 1.600908000000e-002,-2.98710e+000
 1.601420000000e-002,-3.00237e+000
 1.601932000000e-002,-3.00237e+000
 1.602444000000e-002,-3.00237e+000
 1.602956000000e-002,-3.00237e+000
 1.603468000000e-002,-3.00237e+000
 1.603980000000e-002,-3.00237e+000
 1.604492000000e-002,-3.00237e+000
 1.605004000000e-002,-3.00237e+000
 1.605516000000e-002,-3.00237e+000
 1.606028000000e-002,-3.00237e+000
 1.606540000000e-002,-2.98710e+000
 1.607052000000e-002,-2.98710e+000
 1.607564000000e-002,-3.00237e+000
 1.608076000000e-002,-3.00237e+000
 1.608588000000e-002,-3.00237e+000
 1.609100000000e-002,-2.98710e+000
 1.609612000000e-002,-3.00237e+000
 1.610124000000e-002,-2.98710e+000
 1.610636000000e-002,-3.00237e+000
 1.611148000000e-002,-3.00237e+000
 1.611660000000e-002,-3.00237e+000
 1.612172000000e-002,-3.00237e+000
 1.612684000000e-002,-3.00237e+000
 1.613196000000e-002,-2.98710e+000
 1.613708000000e-002,-2.98710e+000
 1.614220000000e-002,-3.00237e+000
 1.614732000000e-002,-2.98710e+000
 1.615244000000e-002,-3.00237e+000
 1.615756000000e-002,-3.00237e+000
 1.616268000000e-002,-2.98710e+000
 1.616780000000e-002,-3.00237e+000
 1.617292000000e-002,-2.98710e+000
 1.617804000000e-002,-3.00237e+000
 1.618316000000e-002,-2.98710e+000
 1.618828000000e-002,-2.98710e+000
 1.619340000000e-002,-2.98710e+000
 1.619852000000e-002,-3.00237e+000
 1.620364000000e-002,-3.00237e+000
 1.620876000000e-002,-3.00237e+000
 1.621388000000e-002,-2.98710e+000
 1.621900000000e-002,-3.00237e+000
 1.622412000000e-002,-3.00237e+000
 1.622924000000e-002,-3.00237e+000
 1.623436000000e-002,-3.00237e+000
 1.623948000000e-002,-3.00237e+000
 1.624460000000e-002,-2.98710e+000
 1.624972000000e-002,-2.98710e+000
 1.625484000000e-002,-2.98710e+000
 1.625996000000e-002,-3.00237e+000
 1.626508000000e-002,-3.00237e+000
 1.627020000000e-002,-2.98710e+000
 1.627532000000e-002,-2.98710e+000
 1.628044000000e-002,-3.00237e+000
 1.628556000000e-002,-3.00237e+000
 1.629068000000e-002,-3.00237e+000
 1.629580000000e-002,-3.00237e+000
 1.630092000000e-002,-2.98710e+000
 1.630604000000e-002,-2.98710e+000
 1.631116000000e-002,-3.00237e+000
 1.631628000000e-002,-3.00237e+000
 1.632140000000e-002,-3.00237e+000
 1.632652000000e-002,-3.00237e+000
 1.633164000000e-002,-3.00237e+000
 1.633676000000e-002,-2.98710e+000
 1.634188000000e-002,-3.00237e+000
 1.634700000000e-002,-3.00237e+000
 1.635212000000e-002,-3.00237e+000
 1.635724000000e-002,-3.00237e+000
 1.636236000000e-002,-3.00237e+000
 1.636748000000e-002,-3.00237e+000
 1.637260000000e-002,-2.98710e+000
 1.637772000000e-002,-2.98710e+000
 1.638284000000e-002,-3.00237e+000
 1.638796000000e-002,-2.98710e+000
 1.639308000000e-002,-3.00237e+000
 1.639820000000e-002,-3.00237e+000
 1.640332000000e-002,-3.00237e+000
 1.640844000000e-002,-3.00237e+000
 1.641356000000e-002,-3.00237e+000
 1.641868000000e-002,-3.00237e+000
 1.642380000000e-002,-3.00237e+000
 1.642892000000e-002,-2.98710e+000
 1.643404000000e-002,-3.00237e+000
 1.643916000000e-002,-3.00237e+000
 1.644428000000e-002,-2.98710e+000
 1.644940000000e-002,-2.98710e+000
 1.645452000000e-002,-3.00237e+000
 1.645964000000e-002,-3.00237e+000
 1.646476000000e-002,-3.00237e+000
 1.646988000000e-002,-3.00237e+000
 1.647500000000e-002,-2.98710e+000
 1.648012000000e-002,-3.00237e+000
 1.648524000000e-002,-3.00237e+000
 1.649036000000e-002,-2.98710e+000
 1.649548000000e-002,-2.98710e+000
 1.650060000000e-002,-2.98710e+000
 1.650572000000e-002,-2.98710e+000
 1.651084000000e-002,-3.00237e+000
 1.651596000000e-002,-2.98710e+000
 1.652108000000e-002,-2.98710e+000
 1.652620000000e-002,-2.98710e+000
 1.653132000000e-002,-3.00237e+000
 1.653644000000e-002,-3.00237e+000
 1.654156000000e-002,-2.98710e+000
 1.654668000000e-002,-3.00237e+000
 1.655180000000e-002,-3.00237e+000
 1.655692000000e-002,-3.00237e+000
 1.656204000000e-002,-3.00237e+000
 1.656716000000e-002,-2.98710e+000
 1.657228000000e-002,-2.98710e+000
 1.657740000000e-002,-3.00237e+000
 1.658252000000e-002,-2.98710e+000
 1.658764000000e-002,-2.98710e+000
 1.659276000000e-002,-2.98710e+000
 1.659788000000e-002,-3.00237e+000
 1.660300000000e-002,-3.00237e+000
 1.660812000000e-002,-2.98710e+000
 1.661324000000e-002,-3.00237e+000
 1.661836000000e-002,-3.00237e+000
 1.662348000000e-002,-2.98710e+000
 1.662860000000e-002,-3.00237e+000
 1.663372000000e-002,-2.98710e+000
 1.663884000000e-002,-2.98710e+000
 1.664396000000e-002,-3.00237e+000
 1.664908000000e-002,-3.00237e+000
 1.665420000000e-002,-2.98710e+000
 1.665932000000e-002,-3.00237e+000
 1.666444000000e-002,-3.00237e+000
 1.666956000000e-002,-3.00237e+000
 1.667468000000e-002,-3.00237e+000
 1.667980000000e-002,-2.98710e+000
 1.668492000000e-002,-3.00237e+000
 1.669004000000e-002,-3.00237e+000
 1.669516000000e-002,-3.00237e+000
 1.670028000000e-002,-3.00237e+000
 1.670540000000e-002,-3.00237e+000
 1.671052000000e-002,-2.98710e+000
 1.671564000000e-002,-3.00237e+000
 1.672076000000e-002,-3.00237e+000
 1.672588000000e-002,-3.00237e+000
 1.673100000000e-002,-3.00237e+000
 1.673612000000e-002,-2.98710e+000
 1.674124000000e-002,-3.00237e+000
 1.674636000000e-002,-3.00237e+000
 1.675148000000e-002,-3.00237e+000
 1.675660000000e-002,-3.00237e+000
 1.676172000000e-002,-3.00237e+000
 1.676684000000e-002,-3.00237e+000
 1.677196000000e-002,-3.00237e+000
 1.677708000000e-002,-3.00237e+000
 1.678220000000e-002,-3.00237e+000
 1.678732000000e-002,-2.98710e+000
 1.679244000000e-002,-3.00237e+000
 1.679756000000e-002,-3.00237e+000
 1.680268000000e-002,-3.00237e+000
 1.680780000000e-002,-2.98710e+000
 1.681292000000e-002,-3.00237e+000
 1.681804000000e-002,-3.00237e+000
 1.682316000000e-002,-2.98710e+000
 1.682828000000e-002,-2.98710e+000
 1.683340000000e-002,-2.98710e+000
 1.683852000000e-002,-3.00237e+000
 1.684364000000e-002,-2.98710e+000
 1.684876000000e-002,-2.98710e+000
 1.685388000000e-002,-2.98710e+000
 1.685900000000e-002,-3.00237e+000
 1.686412000000e-002,-3.00237e+000
 1.686924000000e-002,-2.98710e+000
